{
  "best_model": "ViT",
  "best_mag": "100X",
  "composite_scores": {
    "ViT": 0.9874607416733706,
    "ResNet-50": 0.9168531025173644,
    "DenseNet-121": 0.9790437458837857,
    "EfficientNet": 0.9521605139268855
  },
  "models": {
    "ViT": {
      "40X": {
        "accuracy": 0.9766666666666667,
        "auc_roc": 0.9991541867754614,
        "f1_score": 0.9827160493827161,
        "recall": 1.0,
        "precision": 0.9660194174757282
      },
      "100X": {
        "accuracy": 0.9936102236421726,
        "auc_roc": 0.9997524997524997,
        "f1_score": 0.9954954954954955,
        "recall": 0.9954954954954955,
        "precision": 0.9954954954954955
      },
      "200X": {
        "accuracy": 0.9867549668874173,
        "auc_roc": 0.9966486594637856,
        "f1_score": 0.9902439024390244,
        "recall": 0.9950980392156863,
        "precision": 0.9854368932038835
      },
      "400X": {
        "accuracy": 0.9706959706959707,
        "auc_roc": 0.9963427377220481,
        "f1_score": 0.9771428571428571,
        "recall": 0.9827586206896551,
        "precision": 0.9715909090909091
      }
    },
    "ResNet-50": {
      "40X": {
        "accuracy": 0.8166666666666667,
        "auc_roc": 0.9688044181302553,
        "f1_score": 0.8433048433048433,
        "recall": 0.7437185929648241,
        "precision": 0.9736842105263158
      },
      "100X": {
        "accuracy": 0.8785942492012779,
        "auc_roc": 0.979061479061479,
        "f1_score": 0.9086538461538461,
        "recall": 0.8513513513513513,
        "precision": 0.9742268041237113
      },
      "200X": {
        "accuracy": 0.890728476821192,
        "auc_roc": 0.9726890756302521,
        "f1_score": 0.9138381201044387,
        "recall": 0.8578431372549019,
        "precision": 0.9776536312849162
      },
      "400X": {
        "accuracy": 0.8241758241758241,
        "auc_roc": 0.9543712991988854,
        "f1_score": 0.8441558441558441,
        "recall": 0.7471264367816092,
        "precision": 0.9701492537313433
      }
    },
    "DenseNet-121": {
      "40X": {
        "accuracy": 0.9633333333333334,
        "auc_roc": 0.9922384198218818,
        "f1_score": 0.9718670076726342,
        "recall": 0.9547738693467337,
        "precision": 0.9895833333333334
      },
      "100X": {
        "accuracy": 0.9840255591054313,
        "auc_roc": 0.999009999009999,
        "f1_score": 0.9886621315192744,
        "recall": 0.9819819819819819,
        "precision": 0.9954337899543378
      },
      "200X": {
        "accuracy": 0.9602649006622517,
        "auc_roc": 0.9944977991196479,
        "f1_score": 0.97,
        "recall": 0.9509803921568627,
        "precision": 0.9897959183673469
      },
      "400X": {
        "accuracy": 0.945054945054945,
        "auc_roc": 0.988679902473006,
        "f1_score": 0.956268221574344,
        "recall": 0.9425287356321839,
        "precision": 0.9704142011834319
      }
    },
    "EfficientNet": {
      "40X": {
        "accuracy": 0.94,
        "auc_roc": 0.9920394049455197,
        "f1_score": 0.955,
        "recall": 0.9597989949748744,
        "precision": 0.9502487562189055
      },
      "100X": {
        "accuracy": 0.939297124600639,
        "auc_roc": 0.981882981882982,
        "f1_score": 0.9565217391304348,
        "recall": 0.9414414414414415,
        "precision": 0.9720930232558139
      },
      "200X": {
        "accuracy": 0.9072847682119205,
        "auc_roc": 0.9824929971988796,
        "f1_score": 0.9296482412060302,
        "recall": 0.9068627450980392,
        "precision": 0.9536082474226805
      },
      "400X": {
        "accuracy": 0.9157509157509157,
        "auc_roc": 0.9681295715778474,
        "f1_score": 0.9325513196480938,
        "recall": 0.9137931034482759,
        "precision": 0.9520958083832335
      }
    }
  }
}